{
"S*E/RO": "zéro",
"S*E/*RO": "0",
"Un/*": "1",
"T*EU/*": "2",
"TROI": "3",
"KAD": "4",
"SInC": "5",
"SY$": "6",
"SED": "7",
"UID": "8",
"NEU$": "9",
"T*Y$": "10",

"On$": "11",
"T*OU$": "12",
"TREI$": "13",
"KTOl$": "14",
"KIn$": "15",
"SEI$": "16",
"T*YED": "17",
"T*UID": "18",
"T*YEU$": "19",
"F*InD": "20",
"F*In/E/Un": "21",
"F*In/T*EU": "22",
"F*In/TROI": "23",
"F*In/KAD": "24",
"F*In/SInC": "25",
"F*In/SY$": "26",
"F*In/SED": "27",
"F*In/UID": "28",
"F*In/NEU$": "29",
"F*InD/E/Un": "21",
"F*InD/T*EU": "22",
"F*InD/TROI": "23",
"F*InD/KAD": "24",
"F*InD/SInC": "25",
"F*InD/SY$": "26",
"F*InD/SED": "27",
"F*InD/UID": "28",
"F*InD/NEU$": "29",
"TRAnD": "30",
"TRAnD/E/Un": "31",
"TRAnD/T*EU": "32",
"TRAnD/TROI": "33",
"TRAnD/KAD": "34",
"TRAnD/SInC": "35",
"TRAnD/SY$": "36",
"TRAnD/SED": "37",
"TRAnD/UID": "38",
"TRAnD/NEU$": "39",
"KRAnD": "40",
"KRAnD/E/Un": "41",
"KRAnD/T*EU": "42",
"KRAnD/TROI": "43",
"KRAnD/KAD": "44",
"KRAnD/SInC": "45",
"KRAnD/SY$": "46",
"KRAnD/SED": "47",
"KRAnD/UID": "48",
"KRAnD/NEU$": "49",
"SIn/KAnD": "50",
"SIn/KAnD/E/Un": "51",
"SIn/KAnD/T*EU": "52",
"SIn/KAnD/TROI": "53",
"SIn/KAnD/KAD": "54",
"SIn/KAnD/SInC": "55",
"SIn/KAnD/SY$": "56",
"SIn/KAnD/SED": "57",
"SIn/KAnD/UID": "58",
"SIn/KAnD/NEU$": "59",
"SOI/SAnD": "60",
"SOI/SAnD/E/Un": "61",
"SOI/SAnD/T*EU": "62",
"SOI/SAnD/TROI": "63",
"SOI/SAnD/KAD": "64",
"SOI/SAnD/SInC": "65",
"SOI/SAnD/SY$": "66",
"SOI/SAnD/SED": "67",
"SOI/SAnD/UID": "68",
"SOI/SAnD/NEU$": "69",
"SOI/SAnD/T*Y$": "70",
"SOI/SAnD/E/On$": "71",
"SOI/SAnD/T*OU$": "72",
"SOI/SAnD/TREI$": "73",
"SOI/SAnD/KTOl$": "74",
"SOI/SAnD/KIn$": "75",
"SOI/SAnD/SEI$": "76",
"SOI/SAnD/T*YED": "77",
"SOI/SAnD/T*UID": "78",
"SOI/SAnD/T*YEU$": "79",
"KAD/F*InD": "80",
"KAD/F*InD/E/Un": "81",
"KAD/F*InD/T*EU": "82",
"KAD/F*InD/TROI": "83",
"KAD/F*InD/KAD": "84",
"KAD/F*InD/SInC": "85",
"KAD/F*InD/SY$": "86",
"KAD/F*InD/SED": "87",
"KAD/F*InD/UID": "88",
"KAD/F*InD/NEU$": "89",
"KAD/F*InD/T*Y$": "90",
"KAD/F*InD/E/On$": "91",
"KAD/F*InD/On$": "91",
"KAD/F*InD/T*OU$": "92",
"KAD/F*InD/TREI$": "93",
"KAD/F*InD/KTOl$": "94",
"KAD/F*InD/KIn$": "95",
"KAD/F*InD/SEI$": "96",
"KAD/F*InD/T*YED": "97",
"KAD/F*InD/T*UID": "98",
"KAD/F*InD/T*YEU$": "99",

"SAn/*": "100",
"SAn/T*Y$": "110",
"SAn/On$": "111",
"SAn/T*OU$": "112",
"SAn/TREI$": "113",
"SAn/KTOl$": "114",
"SAn/KIn$": "115",
"SAn/SEI$": "116",
"SAn/T*YED": "117",
"SAn/T*UID": "118",
"SAn/T*YEU$": "119",
"SAn/F*InD": "120",
"SAn/F*In/E/Un": "121",
"SAn/F*In/T*EU": "122",
"SAn/F*In/TROI": "123",
"SAn/F*In/KAD": "124",
"SAn/F*In/SInC": "125",
"SAn/F*In/SY$": "126",
"SAn/F*In/SED": "127",
"SAn/F*In/UID": "128",
"SAn/F*In/NEU$": "129",
"SAn/F*InD/E/Un": "121",
"SAn/F*InD/T*EU": "122",
"SAn/F*InD/TROI": "123",
"SAn/F*InD/KAD": "124",
"SAn/F*InD/SInC": "125",
"SAn/F*InD/SY$": "126",
"SAn/F*InD/SED": "127",
"SAn/F*InD/UID": "128",
"SAn/F*InD/NEU$": "129",
"SAn/TRAnD": "130",
"SAn/TRAnD/E/Un": "131",
"SAn/TRAnD/T*EU": "132",
"SAn/TRAnD/TROI": "133",
"SAn/TRAnD/KAD": "134",
"SAn/TRAnD/SInC": "135",
"SAn/TRAnD/SY$": "136",
"SAn/TRAnD/SED": "137",
"SAn/TRAnD/UID": "138",
"SAn/TRAnD/NEU$": "139",
"SAn/KRAnD": "140",
"SAn/KRAnD/E/Un": "141",
"SAn/KRAnD/T*EU": "142",
"SAn/KRAnD/TROI": "143",
"SAn/KRAnD/KAD": "144",
"SAn/KRAnD/SInC": "145",
"SAn/KRAnD/SY$": "146",
"SAn/KRAnD/SED": "147",
"SAn/KRAnD/UID": "148",
"SAn/KRAnD/NEU$": "149",
"SAn/SIn/KAnD": "150",
"SAn/SIn/KAnD/E/Un": "151",
"SAn/SIn/KAnD/T*EU": "152",
"SAn/SIn/KAnD/TROI": "153",
"SAn/SIn/KAnD/KAD": "154",
"SAn/SIn/KAnD/SInC": "155",
"SAn/SIn/KAnD/SY$": "156",
"SAn/SIn/KAnD/SED": "157",
"SAn/SIn/KAnD/UID": "158",
"SAn/SIn/KAnD/NEU$": "159",
"SAn/SOI/SAnD": "160",
"SAn/SOI/SAnD/E/Un": "161",
"SAn/SOI/SAnD/T*EU": "162",
"SAn/SOI/SAnD/TROI": "163",
"SAn/SOI/SAnD/KAD": "164",
"SAn/SOI/SAnD/SInC": "165",
"SAn/SOI/SAnD/SY$": "166",
"SAn/SOI/SAnD/SED": "167",
"SAn/SOI/SAnD/UID": "168",
"SAn/SOI/SAnD/NEU$": "169",
"SAn/SOI/SAnD/T*Y$": "170",
"SAn/SOI/SAnD/E/On$": "171",
"SAn/SOI/SAnD/T*OU$": "172",
"SAn/SOI/SAnD/TREI$": "173",
"SAn/SOI/SAnD/KTOl$": "174",
"SAn/SOI/SAnD/KIn$": "175",
"SAn/SOI/SAnD/SEI$": "176",
"SAn/SOI/SAnD/T*YED": "177",
"SAn/SOI/SAnD/T*UID": "178",
"SAn/SOI/SAnD/T*YEU$": "179",
"SAn/KAD/F*InD": "180",
"SAn/KAD/F*InD/E/Un": "181",
"SAn/KAD/F*InD/T*EU": "182",
"SAn/KAD/F*InD/TROI": "183",
"SAn/KAD/F*InD/KAD": "184",
"SAn/KAD/F*InD/SInC": "185",
"SAn/KAD/F*InD/SY$": "186",
"SAn/KAD/F*InD/SED": "187",
"SAn/KAD/F*InD/UID": "188",
"SAn/KAD/F*InD/NEU$": "189",
"SAn/KAD/F*InD/T*Y$": "190",
"SAn/KAD/F*InD/E/On$": "191",
"SAn/KAD/F*InD/On$": "191",
"SAn/KAD/F*InD/T*OU$": "192",
"SAn/KAD/F*InD/TREI$": "193",
"SAn/KAD/F*InD/KTOl$": "194",
"SAn/KAD/F*InD/KIn$": "195",
"SAn/KAD/F*InD/SEI$": "196",
"SAn/KAD/F*InD/T*YED": "197",
"SAn/KAD/F*InD/T*UID": "198",
"SAn/KAD/F*InD/T*YEU$": "199",

"T*EU/SAn": "200",
"T*EU/SAn/T*Y$": "210",
"T*EU/SAn/On$": "211",
"T*EU/SAn/T*OU$": "212",
"T*EU/SAn/TREI$": "213",
"T*EU/SAn/KTOl$": "214",
"T*EU/SAn/KIn$": "215",
"T*EU/SAn/SEI$": "216",
"T*EU/SAn/T*YED": "217",
"T*EU/SAn/T*UID": "218",
"T*EU/SAn/T*YEU$": "219",
"T*EU/SAn/F*InD": "220",
"T*EU/SAn/F*In/E/Un": "221",
"T*EU/SAn/F*In/T*EU": "222",
"T*EU/SAn/F*In/TROI": "223",
"T*EU/SAn/F*In/KAD": "224",
"T*EU/SAn/F*In/SInC": "225",
"T*EU/SAn/F*In/SY$": "226",
"T*EU/SAn/F*In/SED": "227",
"T*EU/SAn/F*In/UID": "228",
"T*EU/SAn/F*In/NEU$": "229",
"T*EU/SAn/F*InD/E/Un": "221",
"T*EU/SAn/F*InD/T*EU": "222",
"T*EU/SAn/F*InD/TROI": "223",
"T*EU/SAn/F*InD/KAD": "224",
"T*EU/SAn/F*InD/SInC": "225",
"T*EU/SAn/F*InD/SY$": "226",
"T*EU/SAn/F*InD/SED": "227",
"T*EU/SAn/F*InD/UID": "228",
"T*EU/SAn/F*InD/NEU$": "229",
"T*EU/SAn/TRAnD": "230",
"T*EU/SAn/TRAnD/E/Un": "231",
"T*EU/SAn/TRAnD/T*EU": "232",
"T*EU/SAn/TRAnD/TROI": "233",
"T*EU/SAn/TRAnD/KAD": "234",
"T*EU/SAn/TRAnD/SInC": "235",
"T*EU/SAn/TRAnD/SY$": "236",
"T*EU/SAn/TRAnD/SED": "237",
"T*EU/SAn/TRAnD/UID": "238",
"T*EU/SAn/TRAnD/NEU$": "239",
"T*EU/SAn/KRAnD": "240",
"T*EU/SAn/KRAnD/E/Un": "241",
"T*EU/SAn/KRAnD/T*EU": "242",
"T*EU/SAn/KRAnD/TROI": "243",
"T*EU/SAn/KRAnD/KAD": "244",
"T*EU/SAn/KRAnD/SInC": "245",
"T*EU/SAn/KRAnD/SY$": "246",
"T*EU/SAn/KRAnD/SED": "247",
"T*EU/SAn/KRAnD/UID": "248",
"T*EU/SAn/KRAnD/NEU$": "249",
"T*EU/SAn/SIn/KAnD": "250",
"T*EU/SAn/SIn/KAnD/E/Un": "251",
"T*EU/SAn/SIn/KAnD/T*EU": "252",
"T*EU/SAn/SIn/KAnD/TROI": "253",
"T*EU/SAn/SIn/KAnD/KAD": "254",
"T*EU/SAn/SIn/KAnD/SInC": "255",
"T*EU/SAn/SIn/KAnD/SY$": "256",
"T*EU/SAn/SIn/KAnD/SED": "257",
"T*EU/SAn/SIn/KAnD/UID": "258",
"T*EU/SAn/SIn/KAnD/NEU$": "259",
"T*EU/SAn/SOI/SAnD": "260",
"T*EU/SAn/SOI/SAnD/E/Un": "261",
"T*EU/SAn/SOI/SAnD/T*EU": "262",
"T*EU/SAn/SOI/SAnD/TROI": "263",
"T*EU/SAn/SOI/SAnD/KAD": "264",
"T*EU/SAn/SOI/SAnD/SInC": "265",
"T*EU/SAn/SOI/SAnD/SY$": "266",
"T*EU/SAn/SOI/SAnD/SED": "267",
"T*EU/SAn/SOI/SAnD/UID": "268",
"T*EU/SAn/SOI/SAnD/NEU$": "269",
"T*EU/SAn/SOI/SAnD/T*Y$": "270",
"T*EU/SAn/SOI/SAnD/E/On$": "271",
"T*EU/SAn/SOI/SAnD/T*OU$": "272",
"T*EU/SAn/SOI/SAnD/TREI$": "273",
"T*EU/SAn/SOI/SAnD/KTOl$": "274",
"T*EU/SAn/SOI/SAnD/KIn$": "275",
"T*EU/SAn/SOI/SAnD/SEI$": "276",
"T*EU/SAn/SOI/SAnD/T*YED": "277",
"T*EU/SAn/SOI/SAnD/T*UID": "278",
"T*EU/SAn/SOI/SAnD/T*YEU$": "279",
"T*EU/SAn/KAD/F*InD": "280",
"T*EU/SAn/KAD/F*InD/E/Un": "281",
"T*EU/SAn/KAD/F*InD/T*EU": "282",
"T*EU/SAn/KAD/F*InD/TROI": "283",
"T*EU/SAn/KAD/F*InD/KAD": "284",
"T*EU/SAn/KAD/F*InD/SInC": "285",
"T*EU/SAn/KAD/F*InD/SY$": "286",
"T*EU/SAn/KAD/F*InD/SED": "287",
"T*EU/SAn/KAD/F*InD/UID": "288",
"T*EU/SAn/KAD/F*InD/NEU$": "289",
"T*EU/SAn/KAD/F*InD/T*Y$": "290",
"T*EU/SAn/KAD/F*InD/E/On$": "291",
"T*EU/SAn/KAD/F*InD/On$": "291",
"T*EU/SAn/KAD/F*InD/T*OU$": "292",
"T*EU/SAn/KAD/F*InD/TREI$": "293",
"T*EU/SAn/KAD/F*InD/KTOl$": "294",
"T*EU/SAn/KAD/F*InD/KIn$": "295",
"T*EU/SAn/KAD/F*InD/SEI$": "296",
"T*EU/SAn/KAD/F*InD/T*YED": "297",
"T*EU/SAn/KAD/F*InD/T*UID": "298",
"T*EU/SAn/KAD/F*InD/T*YEU$": "299",

"TROI/SAn": "300",
"KAD/SAn": "400",
"SInC/SAn": "500",
"SY$/SAn": "600",
"SY/SAn": "600",
"SED/SAn": "700",
"UID/SAn": "800",
"NEU$/SAn": "900",

"TROI/SAn/SIn/KAnD": "350",
"KAD/SAn/SIn/KAnD": "450",
"SInC/SAn/SIn/KAnD": "550",
"SY$/SAn/SIn/KAnD": "650",
"SY/SAn/SIn/KAnD": "650",
"SED/SAn/SIn/KAnD": "750",
"UID/SAn/SIn/KAnD": "850",
"NEU$/SAn/SIn/KAnD": "950",

"MIl/*": "1 000",
"T*EU/MIl": "2 000",
"TROI/MIl": "3 000",
"KAD/MIl": "4 000",
"SInC/MIl": "5 000",
"SY$/MIl": "6 000",
"SY/MIl": "6 000",
"SED/MIl": "7 000",
"UID/MIl": "8 000",
"NEU$/MIl": "9 000",

"MIl/SInC/SAn": "1 500",
"T*EU/MIl/SInC/SAn": "2 500",
"TROI/MIl/SInC/SAn": "3 500",
"KAD/MIl/SInC/SAn": "4 500",
"SInC/MIl/SInC/SAn": "5 500",
"SY$/MIl/SInC/SAn": "6 500",
"SY/MIl/SInC/SAn": "6 500",
"SED/MIl/SInC/SAn": "7 500",
"UID/MIl/SInC/SAn": "8 500",
"NEU$/MIl/SInC/SAn": "9 500",

"MIl/SInC/SAn/SIn/KAnD": "1 550",
"T*EU/MIl/SInC/SAn/SIn/KAnD": "2 550",
"TROI/MIl/SInC/SAn/SIn/KAnD": "3 550",
"KAD/MIl/SInC/SAn/SIn/KAnD": "4 550",
"SInC/MIl/SInC/SAn/SIn/KAnD": "5 550",
"SY$/MIl/SInC/SAn/SIn/KAnD": "6 550",
"SY/MIl/SInC/SAn/SIn/KAnD": "6 550",
"SED/MIl/SInC/SAn/SIn/KAnD": "7 550",
"UID/MIl/SInC/SAn/SIn/KAnD": "8 550",
"NEU$/MIl/SInC/SAn/SIn/KAnD": "9 550"

}
