{


"*RC": "{#Return}{-|}",

    "______commentaire": "Dictionnaire personnel",
    "______commentaire": "Généré avec ELISP",

"*O": "o",
"A": "a",
"A/F*An": "avant",
"A/F*An$": "avance",
"A/F*EC": "avec",
"A/F*EC/SE": "avec ses",
"A/F*EC/SE/*": "avec ces",
"A/FEl": "à faire",
"A/FEl/*": "affaire",
"A/FOl$": "à force",
"A/K*RI/KUl/TUl": "agriculture",
"A/LI/MAn/TAC": "alimentation",
"A/LI/MAn/TEl": "alimentaire",
"A/LOl": "alors",
"A/LUl": "allure",
"A/MI": "ami",
"A/NInC": "anime",
"A/P*I/YA/Y": "habillage",
"A/PA/RA/MAn": "apparemment",
"A/PRE": "après",
"A/PRE/RA/S*A/Y": "rasage",
"A/RE/TE": "arrêter",
"A/RI$/RA": "arrivera",
"A/SE": "assez",
"A/SKAC": "à chaque",
"A/SMO/MAn/LA": "à ce moment-là",
"A/TI/RAn": "attirant",
"A/TRAC/C": "attraction",
"A/TRAC/SYOn": "attraction",
"A/TRI/P*U/SYOn": "attributions",
"A/YOU/TE": "ajouter",
"AC/SE/SOIl": "accessoire",
"AD/MI/NI$/TRA/TI$": "administratif",
"ADC": "h",
"ADC/TE": "achetez",
"Al/KOl": "alcool",
"An": "en",
"An/F*I/S*A/Y": "envisage",
"An/FAn": "enfant",
"An/FIn": "enfin",
"An/FIn/T*": "en fin de",
"An/KMAnD": "en commande",
"An/KOU/PL": "en couple",
"An/KOU/RA/YAn": "encourageant",
"An/KOl": "encore",
"An/KOn/PLE/MAn": "en complément",
"An/O":"en haut",
"An/P*A":"en bas",
"An/SAn/P*L": "ensemble",
"An/SE/KNAn": "enseignant",
"An/TElnC": "en termes",
"An/TI": "{anti-^}",
"An/TI/RID": "anti-rides",
"An/TOU": "en tout",
"An/TOU/KA": "en tout cas",
"An/TR": "entre",
"An/TYEl/MAn": "entièrement",
"DE$/LO/PE": "développer",
"DE$/LO/PE/E": "développé",
"E": "et",
"E$/KOn": "est-ce qu'on",
"E$/PAS": "espace",
"E$C": "est-ce que",
"E/F*En/MAn": "évènement",
"E/F*I/T*An": "évident",
"E/KO/NO/MA": "économat",
"E/LE/MAn": "élément",
"E/ME": "aimer",
"E/P*El/YE": "héberger",
"E/REUl": "erreur",
"E/RIC": "Eric",
"E/SE/YE": "essayer",
"E/SKAn/TI/YOn": "échantillon",
"E/TA/YE/NE/RO": "états généraux",
"E/TOnC/MAn": "étonnement",
"E/TR": "être",
"E/TYOn": "étions",
"EC/S*An/PL": "exemple",
"EC/S*I$/TAn$": "existence",
"ED/RA": "aidera",
"EDC": "etc. {-|}",
"EU": "eux",
"EU/MEnC": "eux-mêmes",
"EU/T*EU": "eux deux",
"EUl": "heure",
"El/E/SKEl": "elle est chère",
"El/SE/TE/YU/RE": "elle s'était juré",
"El/SE/YU/RE": "elle s'est juré",
"En/TAn/K": "en tant que",
"F": "f",
"F*": "v",
"F*$": "w",
"F*A": "va",
"F*Al/T*/MAln": "Val de Marne",
"F*E/LO": "vélo",
"F*ED/MAn": "vêtement",
"F*I": "vie",
"F*I/LIn": "vilain",
"F*I/S*A/Y": "visage",
"F*O": "vos",
"F*O/FOnC/SYOn": "vos fonctions",
"F*O/TR": "votre",
"KF*O/TR": "que votre",
"KNO/TR": "que notre",
"F*OI/LA": "voilà",
"KF*OI/LA": "que voilà",
"F*OIl": "voir",
"F*OU": "vous",
"F*OU/A/F*E": "vous avez",
"F*OU/A/PRI": "vous a pris",
"F*OU/F*OU/E/TYE/YU/RE": "vous vous étiez juré",
"F*OU/F*OU/ED/YU/RE": "vous vous êtes juré",
"F*OU/F*OU/RE/PAl/TI/SE": "vous vous répartissez",
"F*OU/I/MA/YI/NE": "vous imaginez",
"F*OU/L/ME/TE": "vous le mettez",
"F*OU/LA/F*E": "vous l'avez",
"F*OU/LE/A/F*E": "vous les avez",
"F*OU/N/F*OU/LE/PA": "vous ne voulez pas",
"F*OU/NA/F*E": "vous n'avez",
"F*OU/RE/PAl/TI/SE": "vous répartissez",
"F*RE": "vrai",
"F*RE/MAn": "vraiment",
"F*YIn": "vient",
"FA/MI/LYAl": "familial",
"FA/MYI": "famille",
"FA/SIl": "facile",
"FADC": "fâche",
"FAn/FAl": "fanfare",
"FAnC": "femme",
"FE": "fait",
"FE$/TI$": "festif",
"FE/LI/SI/TAC": "féclicitations",
"FE/S*On": "faisons",
"FE/TU": "fais-tu",
"FEl": "faire",
"FEl/A/F*An/SE": "faire avancer",
"FI/NI": "fini",
"FIn": "fin",
"FLA/KOn": "flacon",
"FO/T*RA": "faudra",
"FOI": "fois",
"FOI/LA": "fois-là",
"FOI/SI": "fois-ci",
"FOUl/NI/SEUl": "fournisseur",
"FOnC/SYO/NEl": "fonctionnel",
"FOnC/SYOn": "fonction",
"FROI": "froid",
"FYI": "fille",
"GE/NE": "gêner",
"GE/NE/$C": "gênais",
"GE/NE/*": "gênai",
"GE/NE/E": "gêné",
"GE/NE/E$": "gênés",
"GE/NE/EU": "gênée",
"GE/NE/EU$": "gênées",
"GE/NE/ID": "gênait",
"GE/NE/InD": "gênaient",
"GEnC": "gêne",
"I$C": "x",
"I/E": "y est",
"I/MA/Y": "image",
"I/RA": "ira",
"I/ROn": "irons",
"I/RYOn": "irions",
"I/T*An/TI/TE": "identité",
"I/T*RA/TAnD": "hydratante",
"IL/SE/YU/RE": "il s'est juré",
"Il": "il",
"Il/A/A/PLE": "il a appelé",
"Il/A/FA/LU": "il a fallu",
"Il/A/RI$": "il arrive",
"Il/E": "il est",
"Il/FE/S*E": "il faisait",
"Il/FI/NI": "il finit",
"Il/FO": "il faut",
"Il/FOn/TOU/S/KI/E": "ils font tout ce qui est",
"Il/I/E": "il y est",
"Il/L/SOn": "ils le sont",
"Il/LA": "il l'a",
"Il/LOn": "ils l'ont",
"Il/M": "il me",
"Il/M/MAnC": "il me manque",
"Il/NA/F*E": "il n'avait",
"Il/NE/TE": "il n'était",
"Il/NYO/RA":"il n'y aura",
"Il/PEU": "il peut",
"Il/PRAn": "il prend",
"Il/S": "il se",
"Il/S/SOn/YU/RE": "ils se sont juré",
"Il/SE/TE/YU/RE": "il s'était juré",
"Il/SE/TE/YU/RE": "ils s'étaient juré ",
"Il/SO/RE": "il saurait",
"Il/TF*RE": "il devrait",
"Il/YA": "il y'a",
"Il/YAn/A": "il y'en a",
"In$/TRUI": "instruit",
"In/F*I/S*I/P*L": "invisible",
"In/F*I/S*ID": "invisible",
"In/F*I/TE": "inviter",
"In/TRO": "Intro",
"In/YU$D": "injuste",
"K": "que",
"KUn": "qu'un",
"KUnC": "qu'une",
"T*Un": "d'un",
"T*UnC": "d'une",
"LUn": "l'un",
"LUnC": "l'une",
"PA/PA": "papa",
"KME": "que mes",
"KTE": "que tes",
"KSE": "que nos",
"KMA": "que ma",
"KTA": "que ta",
"KSA": "que sa",
"KMOn": "que mon",
"KTOn": "que ton",
"KSOn": "que son",
"KF*O": "que vos",
"KLEUl": "que leur",
"KL": "que le",
"K*El": "guerre",
"K/SA/P*C":"que ça{.}",
"K/Y": "que je",
"KA": "qu'à",
"KA/FE": "café",
"KA/RA/TE": "karaté",
"KA/RAnD/An": "40 ans",
"KA/T*O/$": "cadeaux",
"KAC/SA/SOI/RI/S*E": "qu'accessoiriser",
"KAn": "quand",
"KAn/MEnC": "quand-même",
"KAn/TE/TE": "quand t'étais",
"KE$C": "qu'est ce que",
"KEl": "quel",
"KEl/KOn": "quel con{!}{-|}",
"KEl/KUn": "quelqu'un",
"KEl/SOn": "quelles sont",
"KElC/A/NE": "quelques années",
"KElC/P*D": "quelques problèmes",
"KElC/SKO$": "quelque chose",
"KF*OU": "que vous",
"KF*OU/LE/F*OU": "que voulez-vous",
"KI": "qui",
"KI/A/E/TE": "qui a été",
"KI/E": "qui est",
"KI/N/PA$/PA": "qui ne passe pas",
"KIl": "qu'il",
"KIl/NA/F*E": "qu'il était",
"KIl/YE":"qu'il y ait",
"KLA": "que la",
"KLA/F*YE": "clavier",
"KLUI": "que lui",
"KMAn": "comment",
"KMAn/SE": "commencer",
"KO/LE/Y": "collège",
"KO/MAn": "comment",
"KO/NO/TE ": "connoté",
"KO/NU": "connu",
"KO/REC": "correcte",
"KO/REC/MAn": "correctement",
"KOI": "quoi",
"KOU/LEUl": "couleur",
"KOn": "qu'on",
"KOn/A/F*E": "qu'on avait",
"KOn/P*A": "combat",
"KOn/P*YIn": "combien",
"KOn/P*YIn/T*/TAn": "combien de temps",
"KOn/P*YIn/T*": "combien de",
"KOn/T*IC/RE/El": "conditions réelles",
"KOn/TAn": "content",
"KOn/TAn/PO/RIn": "contemporain",
"KOn/TI/NU/E": "continuer",
"KOn/TREl": "contraire",
"KOnC": "comme",
"KOnC/SA": "comme ça",
"KRAnD/SInC": "45",
"KRAnD/SInC/An": "45 ans",
"KREnC": "crème",
"KREnC/T*/NUI": "crème de nuit",
"KREnC/T*/YOUl": "crème de jour",
"KT*E": "que des",
"KT*L": "que de le",
"KT*LA": "que de la",
"KT*LE": "que de les",
"KT*LE": "que de lui",
"KTE": "que tes",
"KTOU": "que tout",
"KTOUD": "que toute",
"TOUD": "toute",
"KTOU/E": "que tout est",
"KU": "q",
"KUI/S*InC": "cuisine",
"L": "le",
"L/F*Al/T*OI$": "le Val d'Oise",
"L/FOUl/NI/SEUl": "le fournisseur",
"L/LE/SUl/Y/LE": "le lait surgelé",
"L/LE/TO/NI/FYAn": "le lait tonifiant",
"L/LI/F*R": "le livre",
"L/MA/K*A/S*In": "le magasin",
"L/MA/TIn": "le matin",
"L/MAl": "le mal",
"L/MAl/T*/KA/FE": "le mal de café",
"L/MEnC": "le même",
"L/NE": "le nez",
"L/PO$D": "le poste",
"L/PRI": "le prix",
"L/RA/POl/KLID/PRI": "le rapport qualité prix",
"L/RE/S*Ul/TA": "le résultat",
"L/SE/PA": "le sait pas",
"L/SEUl": "le seul",
"L/SEl/F*I$": "le service",
"L/SOn": "le son",
"L/YOUl": "le jour",
"LA": "la",
"LA$/PE ": "l'aspect",
"LA/FEl": "la faire",
"LA/FEl/*": "l'affaire",
"LA/K*RI/KUl/TUl": "l'agriculture",
"LA/KLE": "la clé",
"LA/KMAnD": "la commande",
"LA/MAn/TAD": "lamentable",
"LA/MEnC/SKO$": "la même chose",
"LA/MI$": "la mise",
"LA/MI$/A/MOl": "la mise à mort",
"LA/MOD": "la mode",
"LA/NE": "l'année",
"LA/NE/SAn$": "naissance",
"LA/O":"là-haut",
"LA/P*A":"là-bas",
"LA/PLU/PAl": "la plupart",
"LA/PO": "la peau",
"LA/PO$D": "la Poste",
"LA/R/SKElDC": "la recherche",
"LA/RE/SED/SYOn": "la réception",
"LA/RU": "la rue",
"LA/TNU": "la tenue",
"LE": "les",
"LE/A/SKA": "les achats",
"LE/An/FAn": "les enfants",
"LE/F*ED/MAn": "les vêtements",
"LE/FOUl/NI/SEUl": "les fournisseurs",
"LE/FRUI/E/LE/K*UnC": "les fruits et légumes",
"LE/K*A": "les gars",
"LE/KO/MAnD": "les commandes",
"LE/LA/P*O/RA/SYON": "l'élaboration",
"LE/LA/P*O/RAC": "l'élaboration",
"LE/LE/TO/NI/FYAn": "les laits tonifiants",
"LE/LI/F*R": "les livres",
"LE/MA/K*A/S*In": "les magasins",
"LE/MEnC": "les mêmes",
"LE/MO/KI/F*OU/F*YEn/A/LE$/PRI": "les mots qui vous viennent à l'esprit",
"LE/O/T*EUl": "les odeurs",
"LE/O/T*EUl/KOl/PO/REl": "les odeurs corporelles",
"LE/O/TR": "les autres",
"LE/OnC": "les hommes",
"LE/P*OnC": "les baumes",
"LE/PAl/FUn": "les parfums",
"LE/PO$D": "les postes",
"LE/PREU$": "les preuves",
"LE/PRO/T*UI": "les produits",
"LE/RE/S*Ul/TA": "les résultats",
"LE/RI/T*Ul": "les ridules",
"LE/RID": "les rides",
"LE/SEl/F*I$": "les services",
"LE/SEln": "les cernes",
"LE/SKE$": "les chefs",
"LE/SKO$": "les choses",
"LE/SOn/L": "laissons le",
"LE/SUl/Y/LE": "les surgelés",
"LE/T*An": "des dents",
"LE/TADC": "les taches",
"LE/TEnC": "les thèmes",
"LE/TNI/FYAn": "les tonifiants",
"LE/TO/NI/FYAn": "les tonifiants",
"LE/YAn": "les gens",
"LE/YEl": "les gels",
"LE/YEl": "légère",
"LE/YOUl": "les jours",
"LEl/T*": "l'air de",
"LI/F*El": "l'hiver",
"LI/MA/Y ": "l'image",
"LIn/TE/RYEUl": "l'intérieur",
"LO/PE/RA/SYOn": "l'opération",
"LO/PE/RAC": "l'opération",
"LO/TEl": "l'hôtel",
"LO/TO/P*RON/S*An": "l'autobronzant",
"LOI/S*Il": "loisir",
"LOn/TAn": "longtemps",
"LOnC": "l'homme",
"LU$C": "luxe",
"LU/TI/LI/S*A/SYOn": "l'utilisation",
"LU/TI/LI/S*AC": "l'utilisation",
"M": "me",
"M/RA/S*E": "me raser",
"MA$/KE": "masquer",
"MA/FOD": "ma faute",
"MA/MAn": "maman",
"MA/RYE": "marié",
"MA/SKInC": "machine",
"MA/TIn": "matin",
"MAl/SKE": "marcher",
"MAlC": "marque",
"MAlDC": "marche",
"ME": "mais",
"ME$C": "mes",
"ME/Il": "mais il",
"ME/NOU": "mais nous",
"ME/On": "mais on",
"ME/P*On": "mais bon",
"ME/S*On": "maison",
"ME/S*On/LA/FID": "maison Lafitte",
"ME/TR": "mettre",
"ME/TU": "mais tu",
"ME/Y": "mais je",
"MEnC": "même",
"MEnC/SAnS": "même sens",
"MI/LE/NEl": "millénaire",
"MIn/TNAn": "maintenant",
"MInD/NAn": "maintenant",
"MNI$/TEl": "ministère",
"MOn": "mon",
"MOn/T*IAl": "mondial",
"MRA/S*E": "me raser",
"MT*": "madame",
"MU/S*I/SYIn": "musicien",
"MUl/TI/PL": "multiples",
"MYEU": "mieux",
"N": "ne",
"N/L": "ne le",
"N/SE/PA": "ne sait pas",
"NE$/PA": "n'est-ce pas",
"NE/A/NE": "nez à nez",
"NE/PA": "n'est pas",
"NEnC": "n'aime",
"NIn/POlD": "n'importe",
"NIn/POlD/KEl": "n'importe quel",
"NI/SOnC/PA": "n'y sommes pas",
"NL": "national",
"NO/RE/ID": "n'aurait",
"NO/TR": "notre",
"NOU": "nous",
"NOU/A/LOn": "nous allons",
"NOU/LA/F*On": "nous l'avons",
"NOU/NOU/E/TYON/YU/RE": "nous nous étions juré",
"NOU/NOU/SOnC/YU/RE": "nous nous sommes juré",
"NOl/MAl": "normal",
"NOn": "non",
"NOn/PLU": "non plus",
"O": "au",
"O/O/TR": "aux autres",
"O/PRE": "auprès",
"O/PREA/LAD": "au préalable",
"O/PRO/FI": "au profit",
"O/SI": "aussi",
"O/T*EUl": "odeur",
"O/T*LA":"au-delà",
"O/TR": "autre",
"OD/KOU/TUl": "haute couture",
"ODC": "aujourd'hui",
"OU": "ou",
"OUI": "oui",
"On": "on",
"On/A/A/PLE": "on a appelé",
"On/A/F*An$": "on avance",
"On/A/F*E": "on avait",
"On/A/RI$": "on arrive",
"On/A/UnC": "on a une",
"On/E": "on est",
"On/E$/TI/ME": "on estimait",
"On/E$C/PLOl": "on explore",
"On/F*A": "on va",
"On/F*A/A/F*OIl": "on va avoir",
"On/F*A/F*OIl": "on va voir",
"On/F*E/RA": "on verra",
"On/FUnC/RA": "on fumera",
"On/O/RA": "on aura",
"On/PEU": "on peut",
"On/SA/PRODC": "on s'aproche",
"On/TA": "on t'a",
"OnC": "homme",
"P": "p",
"P*/S*OIn": "besoin",
"P*D": "problème",
"P*O": "beau",
"P*O/KOU": "beaucoup",
"P*O/TE": "beauté",
"P*OU/LO": "boulot",
"P*OnC": "baume",
"P*RI/YAn$": "brillance",
"P*YIn": "bien",
"P*YIn/TO": "bientôt",
"PA": "pas",
"PA$": "passe",
"PA/MAl": "pas mal",
"PA/REI": "pareil",
"PA/TRI": "patrie",
"PAl": "par",
"PAl$/KIl": "parce qu'il",
"PAl$C": "parce que",
"PAl/FE": "parfait",
"PAl/FOI": "parfois",
"PAl/FU/ME": "parfumer",
"PAl/FUn": "parfum",
"PAl/KOn/TR": "par contre",
"PAl/LE": "parler",
"PAl/TI": "parti",
"PAn/SE": "penser",
"PAn/SE/F*OU": "pensez-vous",
"PAn/T*An": "pendant",
"PEU": "peu",
"PEU": "peut",
"PEU/A/PEU": "peu à peu",
"PEUl": "peur",
"PEl/SO/NA/LI/TE": "personnalité",
"PEl/SO/NA/LID": "personnalité",
"PEl/SOnC": "personne",
"PEl/SOnC/NA/F*E": "personne n'avait",
"PLAD/FOlnC": "plateforme",
"PLAn": "plan",
"PLIn": "plein",
"PLU": "plus",
"PLU$": "plus",
"PLU/FOl": "plus fort",
"PLU/S*YEUl/TEnC": "plusieurs thèmes",
"PLU/TO": "plutôt",
"PO/F*R": "pauvre",
"POU/RA": "pourra",
"POUl": "pour",
"POUl/EU/T*EU": "pour eux deux",
"POUl/KOI": "pourquoi",
"POUl/LE/T*E": "pour l'aider",
"POUl/TAn": "pourtant",
"POUl/TOU/LE/YOUl": "pour tous les jours",
"POlD": "porte",
"PR/MYEl": "première",
"PR/MYEl/K*El/MOn/T*IAl": "Première guerre mondiale",
"PR/TLE/YOUl": "pour tous les jours",
"PRA/POl": "par rapport",
"PRA/S*AnD": "par exemple",
"PRA/T*I": "paradis",
"PRA/YEUl": "par ailleurs",
"PRE SE": "presser",
"PRE$C": "presque",
"PRE/S*An/TE/F*OU": "présentez-vous",
"PRE/SI": "précis",
"PREU$": "preuve",
"PREn/T*R": "prendre",
"PREnD": "prendre",
"PRIn/SI/PO": "principaux",
"PRO/FOn": "profond",
"PRO/SKEn": "prochaine",
"PRO/T*UI": "produits",
"PRO/T*UI/T*/P*O/TE": "produits",
"PRODC": "proche",
"PTED": "peut-être",
"PTI": "petit",
"PTI/A/PTI": "petit à petit",
"PTID": "petite",
"PUI$/KAn": "puisqu'en",
"PUI$/KAn/MEnC": "puisse quand-même",
"PUI$/KIl": "puisqu'il",
"PUI$C": "puisque",
"PYE": "pied",
"R/K*Al": "regard",
"R/KO/NE/SAn": "reconnaissant",
"RA/S*A/Y": "rasage",
"RA/YOUD": "rajoute",
"RAn/F*OI": "renvoie",
"RAn/T*R": "rendre",
"RE$/POn/SA/P*I/LI/TE": "responsabilité",
"RE$/POn/SA/P*L": "responsable",
"RE$D": "reste",
"RE/PUl/SYOn": "répulsion",
"RE/PUlC": "répulsion",
"RI/T*Ul": "ridule",
"RID": "ride",
"RYIn": "rien",
"S": "ce",
"S*": "z",
"S*OnC": "zone",
"S/YOUl/LA": "ce jour-là",
"SA": "sa",
"SA/A/LEl": "ça a l'air",
"SA/F*A": "ça va",
"SA/F*O": "ça vaut",
"SA/F*OU": "ça vous",
"SA/F*OU/RE": "savourer",
"SA/FE": "ça fait",
"SA/FE/SA": "ça fait ça",
"SA/I/RA": "ça ira",
"SA/KMAn$": "ça commence",
"SA/KOn/SEln": "ça concerne",
"SA/KOn/SI$D": "ça consiste",
"SA/MAlDC": "ça marche",
"SA/MAlDC/F*El": "sa marche vers",
"SA/N": "ça ne",
"SA/NA/PA": "ça n'a pas",
"SA/NA/PA/E/TE": "ça n'a pas été",
"SA/NA/PA/LEl": "ça n'a pas l'air",
"SA/NA/POlD/RYIn": "ça n'apporte rien",
"SA/S": "ça se",
"SA/SRA": "ça sera",
"SA/T*OnC": "ça donne",
"SA/TF*RE": "ça devrait",
"SA/Y": "sage",
"SAn$": "sens",
"SE": "c'est",
"SE/An/FAn":"ces enfants",
"SE/An/FAn/*":"ses enfants",
"SE/LI/P*A/TEl": "célibataire",
"SE/PA": "c'est pas",
"SE/PA/K*RA$": "c'est pas grave",
"SE/POUl/SA": "c'est pour ça",
"SE/SKEl": "c'est chère",
"SE/T*/YA/SA":"c'est déjà ça",
"SE/T*RIC": "Cédric",
"SE/T*UC/SYOn": "séduction",
"SE/TE": "c'était",
"SE/TOU/L/TAn": "c'est tout le temps",
"SE/TOUl/TAn": "c'est tout le temps",
"SE/TRE": "c'est très",
"SE/Un": "c'est un",
"SE/UnC": "c'est une",
"SEUl": "seul",
"SEl$": "self",
"SEl/F*I$": "service",
"SEl/KOn": "celle qu'on",
"SF*D": "s'il vous plaît",
"SI": "si",
"SI/RAn/T*R": "sy rendre",
"SI/RAnD": "sy rendre",
"SI/TU/A/SYOn": "situation",
"SI/TU/A/SYOn/FA/MI/LYAl": "situation familiale",
"SI/Y/F*OU/T*I": "si je vous dis",
"SIn/PA": "sympa",
"SK": "ce que",
"SK/SA": "ce que ça",
"SK/SA/T*OnC":"ce que ça donne",
"SKA/POlD ": "ce qu'apporte",
"SKAC": "chaque",
"SKAC/YOUl": "chaque jour",
"SKAn/YE": "changer",
"SKE$": "chef",
"SKE$/T*Ol/KE$D": "chef d'orchestre",
"SKE/F*OU": "chez vous",
"SKI": "ce qui",
"SKI/N/F*A/PA": "ce qui ne va pas",
"SKIl": "ce qu'il",
"SKIl/FO": "ce qu'il faut",
"SKO$": "chose",
"SLA": "cela",
"SLA/KOU/LE/T*OU$": "se la couler douce",
"SLI/P*A/TEl": "célibataire",
"SLUI/KOn": "celui qu'on",
"SMA/TIn": "ce matin",
"SNE": "ce n'est",
"SNE/PA": "ce n'est pas",
"SO$": "sauf",
"SOIn": "soin",
"SOU": "sous",
"SOl/TIl": "sortir",
"SOn/YE/RE": "sont gérés",
"MOn": "mon",
"SOn": "son",
"SPE/SI/FIC": "spécifique",
"SPOl": "sport",
"SPTI": "ce petit",
"SRE/PAl/TI": "se répartit",
"ST": "cette",
"ST*On": "ce dont",
"ST/FOI/LA": "cette fois-là",
"ST/FOI/SI": "cette fois-ci",
"STE": "société",
"STIl": "style",
"STRA/TE/YI": "stratégie",
"SU/PEl": "super",
"SUl/TOU": "surtout",
"SYOUl/LA": "ce jour-là",
"T": "te",
"T*": "de",
"T*/A/SKA": "d'achats",
"T*/F*E/ID": "devait",
"T*/FEl": "de faire",
"T*/FNU": "devenu",
"T*/FOnC/SNE": "de fonctionner",
"T*/LA": "de la",
"T*/LA/K*RI/KUl/TUl": "de l'agriculture",
"T*/LEUl/PAl":"de leur part",
"T*/M": "de me",
"T*/MA/PAl":"de ma part",
"T*/Ol": "dehors",
"T*/PO/LI$": "de police",
"T*/PUI": "depuis",
"T*/RAn/TRE": "de rentrer",
"T*/SA/PAl":"de sa part",
"T*/SFEl": "de se faire",
"T*/SOl/TIl": "de sortir",
"T*/TAn/An/TAn": "de temps en temps",
"T*/TO/NEl": "du tonner",
"T*/TOUD/FA/SOn": "de toute façon",
"T*A/F*OIl": "d'avoir",
"T*A/PRE": "d'après",
"T*An": "dans",
"T*An/FAn": "d'enfant",
"T*An/LO/T*LA":"dans l'au-delà",
"T*An/SKA": "dans ce cas",
"T*An/SKA/LA": "dans ce cas là",
"T*E": "des",
"T*E/An/FAn": "des enfants",
"T*E/E/SKAn/TI/YOn": "échantillon",
"T*E/En/MI": "des ennemis",
"T*E/F*ED/MAn": "des vêtements",
"T*E/FED": "des fêtes",
"T*E/FOUl/NI/SEUl": "des fournisseurs",
"T*E/K": "dès que",
"T*E/K/SA/SRA/PO/SID": "dès que ça sera possible",
"T*E/KIl": "dès qu'il",
"T*E/KO/NAn": "déconnant",
"T*E/KOn": "des cons",
"T*E/ME": "d'aimer",
"T*E/O": "déo",
"T*E/O/TR": "des autres",
"T*E/OnC": "des hommes",
"T*E/PAl/FUn": "des parfums",
"T*E/PAn$": "dépenses",
"T*E/PO$D": "des postes",
"T*E/PRO/T*UI": "des produits",
"T*E/PTI": "des petits",
"T*E/T*An": "les dents",
"T*E/TADC": "des taches",
"T*E/TEnC": "des thèmes",
"T*E/YA": "déjà",
"T*E/YAn": "des gens",
"T*El/NYEl": "dernière",
"T*I": "dit",
"T*I/FE/RAn": "différent",
"T*I/LI/YAn/TE": "dilligenter",
"T*IC/SNEl": "dictionnaire",
"T*ID/MOI": "Dites-moi",
"T*LA": "de la",
"T*LA/K*RI/KUl/TUl": "de l'agriculture",
"T*LAn/KED": "de l'enquête",
"T*LE": "de les",
"T*LUI": "de lui",
"T*O/NE": "donner",
"T*OU$/MAn": "doucement",
"T*OU/SOl/TIl": "d'où sort-il",
"T*Ol/MIl": "dormir",
"T*U": "du",
"T*U/Mal": "du mal",
"T*U/Mal/A": "du mal à",
"T*U/P*/S*OIn": "besoin",
"T*YEU": "dieu",
"T*YEU$C": "d'yeux",
"TA": "ta",
"MA": "ma",
"SA": "sa",
"TAn/PI": "tant pis",
"TAn/T*An$": "tendance",
"TE/RE/K*L": "des règles",
"TE/REUl": "terreur",
"TEA/TR": "théâtre",
"TEAD": "théâtre",
"TEC/NLO/YI": "technologie",
"TEC/NO/LO/YI": "technologie",
"TEnC": "t'aime",
"TF*An": "devant",
"TFNU": "devenu",
"TI/RE": "tirer",
"TL/RAn": "te le rend",
"TNO/TR": "de notre",
"TO/NI/FYAn": "tonifiant",
"TOI": "toi",
"TOI/LED": "toilette",
"TOU": "tout",
"TOU$": "tous",
"TOU/A/LEUl": "tout à l'heure",
"TOU/E": "tout est",
"TOU/I/E": "tout y est",
"TOU/SKA/POlD": "qu'apporte",
"TOU/SKI/E": "tout ce qui est",
"TOU/T*E/PAn": "tout dépend",
"TOUDC": "touche",
"TOUDC/FI/NAl": "finale",
"TOn": "ton",
"TOn/TOn": "tonton",
"TRA/F*A/YE": "travailler",
"TRA/F*AI": "travail",
"TRA/FI/KO/TE": "traficoter",
"TRAn$/PI/RA/SYOn": "transpiration",
"TRAn$/PI/RAC": "transpiration",
"TRAnD/SY$": "36",
"TRAnD/SY/An": "36 ans",
"TRAnD/UID/An": "38 ans",
"TRE": "très",
"TRE/LOIn":"très loin",
"TRE/SKEl": "très chère",
"TRO": "trop",
"TU": "tu",
"TU/A": "tu as",
"TU/A/E/TE": "tu as été",
"TU/A/FE": "tu avais",
"TU/A/OU/P*YE": "tu as oublié",
"TU/E": "tu es",
"TU/E/TE": "tu étais",
"TU/FE": "tu fais",
"TU/L/SE": "tu le sais",
"TU/LA": "tu l'a",
"TU/N/F*I/PA": "tu ne vies pas",
"TU/N/T/RAn/PA/KOnD": "tu ne te rends pas compte",
"TU/PEU": "tu peux",
"TU/PRAn": "tu prends",
"TU/R/FE": "tu refais",
"TU/T": "tu te",
"TU/T*I": "tu dis",
"TU/T/KROI/YE": "tu te croyais",
"TU/T/T*I": "tu te dis",
"TU/TE/TE/YU/RE": "tu t'étais juré",
"TU/TE/YU/RE": "tu t'es juré",
"TU/TF*RE": "tu devrais",
"U": "eu",
"U/MIn": "humain",
"U/NIC/MAn": "uniquement",
"Un": "un",
"Un/F*ED/MAn": "un vêtement",
"Un/F*OIl": "un voile",
"Un/KA": "un cas",
"Un/KOn": "un con",
"Un/MA/K*A/S*In": "un magasin",
"Un/OnC": "un homme",
"Un/PO$D": "un poste",
"Un/PO/F*R/MEC": "un pauvre mec",
"Un/SEl/F*I$": "un service",
"Un/T*/ME/PO$D": "un de mes postes",
"Un/TEnC": "un thème",
"UnC": "une",
"UnC/A/FEl": "une affaire",
"UnC/A/MI": "une amie",
"UnC/F*OIl": "une voile",
"UnC/F*RE": "une vraie",
"UnC/FOI/K/F*OU": "une fois que vous",
"UnC/FOI/K/F*OU/A/F*E": "une fois que vous avez",
"UnC/FOI/KF*OU": "une fois que vous",
"UnC/FOI/KF*OU/A/F*E": "une fois que vous avez",
"UnC/FYI": "une fille",
"UnC/KO/MAnD": "une commande",
"UnC/LAl/Y/K*AnC": "une large gamme",
"UnC/LI/F*RE/S*On": "des livraisons",
"UnC/PAl/TI": "une partie",
"UnC/PEl/T*YEU": "une paire d'yeux",
"UnC/PO": "une peau",
"UnC/PTID/PO$": "une petite pause",
"UnC/PUD": "une pub",
"UnC/RI/T*Ul": "une ridule",
"UnC/T*An": "une dent",
"UnC/TADC": "une tache",
"UnC/TNU": "une tenue",
"Y": "je",
"Y/F*E": "je vais",
"Y/F*OI": "je vois",
"Y/F*YIn": "je viens",
"Y/KROI": "je crois",
"Y/LE": "je l'ai",
"Y/LE/YEl": "je les gère",
"Y/M": "je me",
"Y/M/SOU/F*YIn": "je me souviens",
"Y/M/SUI/YU/RE": "je me suis juré",
"Y/MAn/SOU/F*YIn": "je m'en souviens",
"Y/ME/TE/YU/RE": "je m'étais juré",
"Y/N/F*OI": "je ne vois",
"Y/N/KOn/PR/NE/PA": "je ne comprenais pas",
"Y/N/LE/ME/PA": "*je ne les mets pas*",
"Y/N/PEU/PA": "je peux",
"Y/N/SE/PA": "je ne sais pas",
"Y/N/SUI/PA": "je ne suis pas",
"Y/NEnC/PA": "je n'aime pas",
"Y/PAn/SE": "je pensais",
"Y/PEU": "je peux",
"Y/PRAn": "je prends",
"Y/SE": "je sais",
"Y/SUI": "je suis",
"YA/ME": "jamais",
"YA/P*ID": "j'habite",
"YA/RI$": "j'arrive",
"YA/T*Ol": "j'adore",
"YE": "j'ai",
"YE$/PEl": "j'espère",
"YE$/TI/ME": "j'estimais",
"YE/NA/PA": "je n'ai pas",
"YE/NE/RAl": "général",
"YE/ROnC": "Gérôme",
"YEnC": "j'aime",
"YI": "j'y",
"YOIn": "joint",
"YOInD": "jointe",
"YOU/E": "jouer",
"YOU/P*LI ": "j'oublie",
"YOUl": "jour",
"YU$C/A": "jusqu'à",
"A$C": "à ce que",

"EDC": ", etc{.}{-|}",
"S*U$": "{^…}",
"T*IlC/EUl$C": "{#Return}— {-|}",
"*InD": " ?{#Return}{-|}",
"*E$C": " !{#Return}{-|}",
"T*C/EUl$C": " :{#Return}— {-|}",
"T*C": " :{^ ^}",
"SPAU$": "{^ ^}",
"A/TOU/F*A": "à tout-va",
"T*/MAl/An/PI": "de mal en pis",
"O/PI/A/LE": "au pis aller",
"L/F*E/L/F*OIl": "lever le voile",

"F*YIn/I": "viens-y",
"FNOn/I": "venons-y",
"FNE/I": "venez-y",
"A/LOn/I": "allons-y",
"A/LE/I": "allez-y",

"KOn/F*YIn/An": "conviens-en",
"KOn/FNE/An": "convenez-en",
"KOn/FNOn/An": "convenons-en",


"A/A/F*EC": "a avec",
"A/POUl": "a pour",
"A/SUl": "a sur",
"A/A/LOl": "a alors",
"A/T*OnC": "a donc",
"A/K": "a que",
"A/LOl$C": "a lorsque",
"A/PUI$C": "a puisque",




"": "",
"": "",
"": "",
"": "",
"": "",
"": "",
"": "",
"": "",
"": "",
"": "",
"": "",
"": "",
"": "",
"": "",
"": "",
"": "",
"": "",

"KAl/A": "car, à",
"KAl/A/F*An": "car, avant",
"KAl/A/F*EC": "car, avec",
"KAl/A/FIn": "car, afin",
"KAl/An": "car, en",
"KAl/An/F*El": "car, envers",
"KAl/An/TR": "car, entre",
"KAl/A/PRE": "car, après",
"KAl/A/TAn/T*U": "car, attendu",
"KAl/EC/SE/PTE": "car, excepté",
"KAl/FA$": "car, face",
"KAl/F*El": "car, vers",
"KAl/F*El/SU$": "car, versus",
"KAl/F*OI/LA": "car, voilà",
"KAl/F*OI/SI": "car, voici",
"KAl/F*U": "car, vu",
"KAl/F*YA": "car, via",
"KAl/KAn": "car, quant",
"KAl/KAn/O": "car, quant à",
"KAl/KAn/A": "car, quant au",
"KAl/KOn/SEl/NAn": "car, concernant",
"KAl/KOn/TR": "car, contre",
"KAl/KOU/RAn": "car, courant",
"KAl/K*RA$": "car, grâce",
"KAl/LOl": "car, lors",
"KAl/MAl/K*RE": "car, malgré",
"KAl/MOIn": "car, moins",
"KAl/NO/NOD/STAn": "car, nonobstant",
"KAl/O": "car, au",
"KAl/O/$": "car, aux",
"KAl/Ol": "car, hors",
"KAl/Ol/MI": "car, hormis",
"KAl/O/PRE": "car, auprès",
"KAl/O/T*EU/Ol": "car, au-dehors",
"KAl/O/T*/F*An": "car, au-devant",
"KAl/O/T*/LA": "car, au-delà",
"KAl/O/T*/SOU": "car, au-dessous",
"KAl/O/T*/SU": "car, au-dessus",
"KAl/O/T*/T*An": "car, au-dedans",
"KAl/OU/TR": "car, outre",
"KAl/PAl": "car, par",
"KAl/PAl/MI": "car, parmi",
"KAl/PAl/T*E/RYEl": "car, par-derrière",
"KAl/PAl/T*/F*An": "car, par-devant",
"KAl/PAl/T*/F*El": "car, par-devers",
"KAl/PAl/T*/LA": "car, par-delà",
"KAl/PAl/T*/SOU": "car, par-dessous",
"KAl/PAl/T*/SU": "car, par-dessus",
"KAl/PAn/T*An": "car, pendant",
"KAl/PA/SE": "car, passé",
"KAl/POUl": "car, pour",
"KAl/R/F*OI/LA": "car, revoilà",
"KAl/R/F*OI/SI": "car, revoici",
"KAl/SAn": "car, sans",
"KAl/SKE": "car, chez",
"KAl/SLOn": "car, selon",
"KAl/SO$": "car, sauf",
"KAl/SOl/TIl": "car, sortir",
"KAl/SOU": "car, sous",
"KAl/SUI/F*An": "car, suivant",
"KAl/SUl": "car, sur",
"KAl/T*An": "car, dans",
"KAl/T*E": "car, dès",
"KAl/T*E/RYEl": "car, derrière",
"KAl/TF*An": "car, devant",
"KAl/TF*El": "car, devers",
"KAl/T*IC/SID": "car, dixit",
"KAl/T*/PUI": "car, depuis",
"KAl/T*/SOU": "car, dessous",
"KAl/T*/SU": "car, dessus",
"KAl/T*U/RAn": "car, durant",
"KAl/YU$C": "car, jusque",
"KAl/YU$C": "car, jusques",
"KAl/YU$/KA": "car, jusqu'à",

"KAl/F*O": ", car vos",
"KAl/F*O/TR": ", car votre",
"KAl/KEl": ", car quel",
"KAl/KEl/EU": ", car quelle",
"KAl/KEl/EU$": ", car quelles",
"KAl/KEl/$": ", car quels",
"KAl/KElC": ", car quelque",
"KAl/KElC/$": ", car quelques",
"KAl/LA": ", car la",
"KAl/LA/T*ID": ", car ladite",
"KAl/L": ", car le",
"KAl/LE": ", car les",
"KAl/LE/T*I": ", car lesdits",
"KAl/LE/T*ID": ", car lesdites",
"KAl/LEUl": ", car leur",
"KAl/LEUl/$": ", car leurs",
"KAl/L/T*I": ", car ledit",
"KAl/MA": ", car ma",
"KAl/ME": ", car mes",
"KAl/MIn": ", car maint",
"KAl/MIn/$": ", car maints",
"KAl/MInD": ", car mainte",
"KAl/MInD/$": ", car maintes",
"KAl/MOn": ", car mon",
"KAl/NO": ", car nos",
"KAl/NO/TR": ", car notre",
"KAl/NUl": ", car nul",
"KAl/NUl/EU": ", car nulle",
"KAl/NUl/EU$": ", car nulles",
"KAl/NUl/$": ", car nuls",
"KAl/O": ", car au",
"KAl/O$C": ", car aux",
"KAl/O/KUn": ", car aucun",
"KAl/O/KUn/$$": ", car aucuns",
"KAl/O/KUnC": ", car aucune",
"KAl/O/KUnC/$": ", car aucunes",
"KAl/O/T*I": ", car auxdits",
"KAl/PLU/S*YEUl": ", car plusieurs",
"KAl/SA": ", car sa",
"KAl/S": ", car ce",
"KAl/SE": ", car ces",
"KAl/SE": ", car ses",
"KAl/SED": ", car cet",
"KAl/SED/EU": ", car cette",
"KAl/SEl/TEn": ", car certaine",
"KAl/SEl/TEn/$": ", car certaines",
"KAl/SEl/TIn": ", car certain",
"KAl/SEl/TIn/$": ", car certains",
"KAl/SKAC": ", car chaque",
"KAl/SOn": ", car son",
"KAl/TA": ", car ta",
"KAl/T*": ", car de",
"KAl/T*E": ", car des",
"KAl/TE": ", car tes",
"KAl/T*E/T*I": ", car desdits",
"KAl/T*I/F*El": ", car divers",
"KAl/T*I/F*El$": ", car diverses",
"KAl/TOn": ", car ton",
"KAl/TOU$": ", car tous",
"KAl/TOU": ", car tout",
"KAl/TOUD": ", car toute",
"KAl/TOUD/$": ", car toutes",
"KAl/T*U": ", car du",
"KAl/T*U/T*ID": ", car dudit",
"KAl/Un": ", car un",
"KAl/UnC": ", car une",


"": ""}
